"date","time","platform","title","text","first_comment","link","media","status"
"2026-06-09","18:00","Instagram","","Meet Maxy. He started ""talking"" back to us at about a year old — and now he runs commentary on the whole house from his perch.

Here at C.A.Gs, this is the part nobody warns you about: an African Grey doesn't just mimic, he files away the sounds that matter to your family and gives them back at the worst (best) possible moment. Maxy learned the microwave beep before ""hello.""

Every grey we raise is hand-fed from hatch, fully weaned, DNA-sexed, and goes home with full CITES Appendix I + health paperwork. Family aviary in Midland, TX since 2014.

Comment or DM us ""AVAILABLE"" and we'll send you who's looking for a home right now. 👇","#africangrey #africangreyparrot #congoafricangrey #talkingparrot #africangreysofinstagram #greyparrot #parrotsofinstagram #parrotlove #parrotlife #birdsofinstagram #parrotbreeder #captivebred #dnasexed #ethicalbreeder #usdalicensed #citesappendixI #handraised #parrottok #smartbird #midlandtx #texasparrots #africangreytexas","https://congoafricangreys.com/available/","talking-african-grey-parrots-video.mp4 (REFRAME to 9:16 first)","draft"
"2026-06-09","19:00","TikTok","","Maxy is 100% certain he's a person. 🗣️ Our hand-raised Congo African Greys are talkers — and this is just a Tuesday. Follow for weekly parrot updates from our Midland, TX aviary. #africangrey #talkingparrot #parrottok #fyp #congoafricangrey #parrotsoftiktok","","https://congoafricangreys.com/available/","talking-african-grey-parrots-video.mp4 (REFRAME to 9:16 first)","draft"
"2026-06-09","17:00","YouTube","Our African Grey Maxy Won't Stop Talking 🗣️ #shorts","Maxy is one of our hand-raised Congo African Greys here at C.A.Gs in Midland, TX. African Greys are the best talkers in the parrot world — and Maxy proves it daily. Every bird we raise is captive-bred, DNA-sexed, and placed with full CITES Appendix I documentation. See available greys → https://congoafricangreys.com/available/
#africangrey #talkingparrot #congoafricangrey #shorts","","https://congoafricangreys.com/available/","talking-african-grey-parrots-video.mp4 (REFRAME to 9:16 first)","draft"
"2026-06-10","09:00","Facebook","","Some mornings Maxy greets us before the coffee's even on. ☕

He's one of our hand-raised Congo African Greys, and if you've never lived with a talking grey, this is what you're signing up for: a feathered family member who learns your routines, your phrases, and exactly which sound gets your attention.

We've raised greys as a family here in Midland, TX since 2014. Every bird is captive-bred in the USA, DNA-sexed, vet-checked, and goes home with full CITES Appendix I and hatch paperwork. We ship nationwide — $185 airport pickup or $350 home delivery.

See who's available → https://congoafricangreys.com/available/
#africangrey #congoafricangrey #talkingparrot","","https://congoafricangreys.com/available/","talking-african-grey-parrots-video.mp4","draft"
"2026-06-11","20:00","Pinterest","Do African Greys Really Talk? Meet Maxy (Congo African Grey)","African Greys are widely considered the best talking parrots in the world — and our hand-raised Congo, Maxy, is proof. Here at C.A.Gs in Midland, TX we've raised talking African Greys since 2014. Curious whether a Congo or a Timneh is the better talker for your home, what they cost, and how talking training actually works? We break it all down. Every grey is captive-bred, DNA-sexed, and placed with full CITES Appendix I documentation.","","https://congoafricangreys.com/congo-african-grey-for-sale/","graphics/pinterest-pin-congo-vs-timneh.html (screenshot to PNG) or Maxy still","draft"
"2026-06-12","09:00","Facebook","","Breakfast for two. 🥣

These two share everything — including the good almonds. A big part of raising healthy African Greys is the diet they start on: here at C.A.Gs we wean every chick onto a varied fresh diet (pellets, sprouted seed, veg, and yes, the occasional almond) before they ever go home, so they arrive eating well and confident.

Family-raised in Midland, TX since 2014. Captive-bred, DNA-sexed, CITES Appendix I documented, shipped nationwide. Curious what a healthy grey diet looks like? Ask us below. 👇
https://congoafricangreys.com/african-grey-parrot-guide/
#africangrey #congoafricangrey #parrotcare","","https://congoafricangreys.com/african-grey-parrot-guide/","African-grey-pair-eating.mp4","draft"
"2026-06-12","20:00","Pinterest","What Do African Greys Eat? A Healthy Congo Grey Diet","Wondering what to feed an African Grey? A healthy diet is one of the biggest factors in a long, happy life for a Congo or Timneh grey. Here at C.A.Gs we wean every chick onto a varied fresh diet — quality pellets, sprouted seed, vegetables, and limited nuts — before placement, so your grey arrives eating well. Learn what we feed, what to avoid (chocolate, avocado, and more), and how to transition a new bird. Every grey is captive-bred, DNA-sexed, and CITES Appendix I documented.","","https://congoafricangreys.com/african-grey-parrot-guide/","African-grey-pair-eating.mp4","draft"
"2026-06-12","18:00","Instagram","","Sharing is caring (mostly). 🥜 These two greys grew up together in our home and it shows. The way a grey eats — curious, two-footed, a little dramatic — tells you everything about how socialized they are.

Here at C.A.Gs we hand-raise and fully wean every chick on a fresh, varied diet before they go home. Family aviary, Midland TX, since 2014 · captive-bred · DNA-sexed · CITES Appendix I.

DM us ""AVAILABLE"" to meet our current greys. 👇","#africangrey #congoafricangrey #africangreysofinstagram #parrotsofinstagram #parrotlife #parrotcare #parrotdiet #captivebred #dnasexed #ethicalbreeder #handraised #birdsofinstagram #greyparrot #midlandtx","https://congoafricangreys.com/available/","African-grey-pair-eating.mp4","draft"
"2026-06-16","17:00","YouTube","Meet Our Hand-Tame African Greys | C.A.Gs Midland, TX","Step-up, gentle, and curious — this is what ""hand-tame"" actually looks like. Meet four of our hand-raised Congo African Greys.

Here at C.A.Gs we're a family aviary in Midland, TX, raising African Greys since 2014. Every bird in this video was hand-fed from hatch, fully weaned, and socialized to people.

When you bring a grey home from us, you get:
• A captive-bred, DNA-sexed bird (Appendix I CITES documentation per bird)
• Avian-vet health certificate + hatch certificate + leg band
• Hand-raised, fully weaned temperament (placed at 12–16 weeks)
• Nationwide shipping — $185 airport pickup or $350 home delivery

Looking for an African Grey near you? We ship to all 50 states. See who's available → https://congoafricangreys.com/available/
Questions? Info@congoafricangreys.com · +1-281-545-3169
#africangrey #congoafricangrey #africangreyparrot #talkingparrot #parrotbreeder","","https://congoafricangreys.com/available/","buy-african-grey-parrot-near-me.mp4","draft"
"2026-06-16","12:00","Facebook","","This is the moment that tells you everything. 🤝

Four of our greys, and not one hesitates to step up to a hand. That's not luck — it's what happens when every chick is hand-fed from hatch, fully weaned, and socialized to people before it ever leaves our home.

We're a family aviary here in Midland, TX, raising African Greys since 2014. Every bird goes home captive-bred, DNA-sexed, vet-checked, and with full CITES Appendix I + hatch documentation. We ship nationwide — $185 airport pickup or $350 home delivery, to all 50 states.

If you've been searching for an African Grey ""near me,"" near is wherever you are. Come meet our flock → https://congoafricangreys.com/available/
#africangrey #congoafricangrey #parrotbreeder","","https://congoafricangreys.com/available/","buy-african-grey-parrot-near-me.mp4","draft"
